6,a799fcafe47d7fb19bfb02cd83855fdfc34b9f87
7,a799fcafe47d7fb19bfb02cd83855fdfc34b9f87
15,a799fcafe47d7fb19bfb02cd83855fdfc34b9f87
17,a799fcafe47d7fb19bfb02cd83855fdfc34b9f87
19,a799fcafe47d7fb19bfb02cd83855fdfc34b9f87
23,a799fcafe47d7fb19bfb02cd83855fdfc34b9f87
28,a799fcafe47d7fb19bfb02cd83855fdfc34b9f87
30,a799fcafe47d7fb19bfb02cd83855fdfc34b9f87
31,a799fcafe47d7fb19bfb02cd83855fdfc34b9f87
33,a799fcafe47d7fb19bfb02cd83855fdfc34b9f87
34,a799fcafe47d7fb19bfb02cd83855fdfc34b9f87
39,a799fcafe47d7fb19bfb02cd83855fdfc34b9f87
40,a799fcafe47d7fb19bfb02cd83855fdfc34b9f87
41,a799fcafe47d7fb19bfb02cd83855fdfc34b9f87
43,a799fcafe47d7fb19bfb02cd83855fdfc34b9f87
45,a799fcafe47d7fb19bfb02cd83855fdfc34b9f87
48,a799fcafe47d7fb19bfb02cd83855fdfc34b9f87
50,a799fcafe47d7fb19bfb02cd83855fdfc34b9f87
53,a799fcafe47d7fb19bfb02cd83855fdfc34b9f87
60,a799fcafe47d7fb19bfb02cd83855fdfc34b9f87
63,a799fcafe47d7fb19bfb02cd83855fdfc34b9f87
67,a799fcafe47d7fb19bfb02cd83855fdfc34b9f87
69,a799fcafe47d7fb19bfb02cd83855fdfc34b9f87
70,a799fcafe47d7fb19bfb02cd83855fdfc34b9f87
71,a799fcafe47d7fb19bfb02cd83855fdfc34b9f87
73,a799fcafe47d7fb19bfb02cd83855fdfc34b9f87
76,a799fcafe47d7fb19bfb02cd83855fdfc34b9f87
77,a799fcafe47d7fb19bfb02cd83855fdfc34b9f87
78,a799fcafe47d7fb19bfb02cd83855fdfc34b9f87
79,a799fcafe47d7fb19bfb02cd83855fdfc34b9f87
80,a799fcafe47d7fb19bfb02cd83855fdfc34b9f87
84,a799fcafe47d7fb19bfb02cd83855fdfc34b9f87
85,a799fcafe47d7fb19bfb02cd83855fdfc34b9f87
86,a799fcafe47d7fb19bfb02cd83855fdfc34b9f87
88,a799fcafe47d7fb19bfb02cd83855fdfc34b9f87
93,a799fcafe47d7fb19bfb02cd83855fdfc34b9f87
95,a799fcafe47d7fb19bfb02cd83855fdfc34b9f87
97,a799fcafe47d7fb19bfb02cd83855fdfc34b9f87
98,a799fcafe47d7fb19bfb02cd83855fdfc34b9f87
99,a799fcafe47d7fb19bfb02cd83855fdfc34b9f87
100,a799fcafe47d7fb19bfb02cd83855fdfc34b9f87
101,a799fcafe47d7fb19bfb02cd83855fdfc34b9f87
102,a799fcafe47d7fb19bfb02cd83855fdfc34b9f87
106,a799fcafe47d7fb19bfb02cd83855fdfc34b9f87
107,a799fcafe47d7fb19bfb02cd83855fdfc34b9f87
111,a799fcafe47d7fb19bfb02cd83855fdfc34b9f87
113,a799fcafe47d7fb19bfb02cd83855fdfc34b9f87
114,a799fcafe47d7fb19bfb02cd83855fdfc34b9f87
115,a799fcafe47d7fb19bfb02cd83855fdfc34b9f87
120,a799fcafe47d7fb19bfb02cd83855fdfc34b9f87
123,a799fcafe47d7fb19bfb02cd83855fdfc34b9f87
126,a799fcafe47d7fb19bfb02cd83855fdfc34b9f87
127,a799fcafe47d7fb19bfb02cd83855fdfc34b9f87
130,a799fcafe47d7fb19bfb02cd83855fdfc34b9f87
131,a799fcafe47d7fb19bfb02cd83855fdfc34b9f87
133,a799fcafe47d7fb19bfb02cd83855fdfc34b9f87
136,a799fcafe47d7fb19bfb02cd83855fdfc34b9f87
137,a799fcafe47d7fb19bfb02cd83855fdfc34b9f87
138,a799fcafe47d7fb19bfb02cd83855fdfc34b9f87
140,a799fcafe47d7fb19bfb02cd83855fdfc34b9f87
141,a799fcafe47d7fb19bfb02cd83855fdfc34b9f87
143,a799fcafe47d7fb19bfb02cd83855fdfc34b9f87
149,a799fcafe47d7fb19bfb02cd83855fdfc34b9f87
150,a799fcafe47d7fb19bfb02cd83855fdfc34b9f87
153,a799fcafe47d7fb19bfb02cd83855fdfc34b9f87
154,a799fcafe47d7fb19bfb02cd83855fdfc34b9f87
158,a799fcafe47d7fb19bfb02cd83855fdfc34b9f87
162,a799fcafe47d7fb19bfb02cd83855fdfc34b9f87
163,a799fcafe47d7fb19bfb02cd83855fdfc34b9f87
166,a799fcafe47d7fb19bfb02cd83855fdfc34b9f87
172,a799fcafe47d7fb19bfb02cd83855fdfc34b9f87
174,a799fcafe47d7fb19bfb02cd83855fdfc34b9f87
180,a799fcafe47d7fb19bfb02cd83855fdfc34b9f87
186,a799fcafe47d7fb19bfb02cd83855fdfc34b9f87
187,a799fcafe47d7fb19bfb02cd83855fdfc34b9f87
188,a799fcafe47d7fb19bfb02cd83855fdfc34b9f87
190,a799fcafe47d7fb19bfb02cd83855fdfc34b9f87
192,a799fcafe47d7fb19bfb02cd83855fdfc34b9f87
194,a799fcafe47d7fb19bfb02cd83855fdfc34b9f87
195,a799fcafe47d7fb19bfb02cd83855fdfc34b9f87
196,a799fcafe47d7fb19bfb02cd83855fdfc34b9f87
197,a799fcafe47d7fb19bfb02cd83855fdfc34b9f87
202,a799fcafe47d7fb19bfb02cd83855fdfc34b9f87
203,a799fcafe47d7fb19bfb02cd83855fdfc34b9f87
205,a799fcafe47d7fb19bfb02cd83855fdfc34b9f87
206,a799fcafe47d7fb19bfb02cd83855fdfc34b9f87
207,a799fcafe47d7fb19bfb02cd83855fdfc34b9f87
208,a799fcafe47d7fb19bfb02cd83855fdfc34b9f87
213,a799fcafe47d7fb19bfb02cd83855fdfc34b9f87
215,a799fcafe47d7fb19bfb02cd83855fdfc34b9f87
218,a799fcafe47d7fb19bfb02cd83855fdfc34b9f87
220,a799fcafe47d7fb19bfb02cd83855fdfc34b9f87
223,a799fcafe47d7fb19bfb02cd83855fdfc34b9f87
224,a799fcafe47d7fb19bfb02cd83855fdfc34b9f87
227,a799fcafe47d7fb19bfb02cd83855fdfc34b9f87
231,a799fcafe47d7fb19bfb02cd83855fdfc34b9f87
232,a799fcafe47d7fb19bfb02cd83855fdfc34b9f87
233,a799fcafe47d7fb19bfb02cd83855fdfc34b9f87
235,a799fcafe47d7fb19bfb02cd83855fdfc34b9f87
238,a799fcafe47d7fb19bfb02cd83855fdfc34b9f87
239,a799fcafe47d7fb19bfb02cd83855fdfc34b9f87
240,a799fcafe47d7fb19bfb02cd83855fdfc34b9f87
241,a799fcafe47d7fb19bfb02cd83855fdfc34b9f87
243,a799fcafe47d7fb19bfb02cd83855fdfc34b9f87
245,a799fcafe47d7fb19bfb02cd83855fdfc34b9f87
247,a799fcafe47d7fb19bfb02cd83855fdfc34b9f87
248,a799fcafe47d7fb19bfb02cd83855fdfc34b9f87
249,a799fcafe47d7fb19bfb02cd83855fdfc34b9f87
252,a799fcafe47d7fb19bfb02cd83855fdfc34b9f87
254,a799fcafe47d7fb19bfb02cd83855fdfc34b9f87
255,a799fcafe47d7fb19bfb02cd83855fdfc34b9f87
256,a799fcafe47d7fb19bfb02cd83855fdfc34b9f87
257,a799fcafe47d7fb19bfb02cd83855fdfc34b9f87
260,a799fcafe47d7fb19bfb02cd83855fdfc34b9f87
261,a799fcafe47d7fb19bfb02cd83855fdfc34b9f87
264,a799fcafe47d7fb19bfb02cd83855fdfc34b9f87
272,a799fcafe47d7fb19bfb02cd83855fdfc34b9f87
278,a799fcafe47d7fb19bfb02cd83855fdfc34b9f87
280,a799fcafe47d7fb19bfb02cd83855fdfc34b9f87
282,a799fcafe47d7fb19bfb02cd83855fdfc34b9f87
283,a799fcafe47d7fb19bfb02cd83855fdfc34b9f87
284,a799fcafe47d7fb19bfb02cd83855fdfc34b9f87
287,a799fcafe47d7fb19bfb02cd83855fdfc34b9f87
288,a799fcafe47d7fb19bfb02cd83855fdfc34b9f87
289,a799fcafe47d7fb19bfb02cd83855fdfc34b9f87
292,a799fcafe47d7fb19bfb02cd83855fdfc34b9f87
293,a799fcafe47d7fb19bfb02cd83855fdfc34b9f87
294,a799fcafe47d7fb19bfb02cd83855fdfc34b9f87
295,a799fcafe47d7fb19bfb02cd83855fdfc34b9f87
299,a799fcafe47d7fb19bfb02cd83855fdfc34b9f87
300,a799fcafe47d7fb19bfb02cd83855fdfc34b9f87
301,a799fcafe47d7fb19bfb02cd83855fdfc34b9f87
303,a799fcafe47d7fb19bfb02cd83855fdfc34b9f87
305,a799fcafe47d7fb19bfb02cd83855fdfc34b9f87
306,a799fcafe47d7fb19bfb02cd83855fdfc34b9f87
309,a799fcafe47d7fb19bfb02cd83855fdfc34b9f87
310,a799fcafe47d7fb19bfb02cd83855fdfc34b9f87
312,a799fcafe47d7fb19bfb02cd83855fdfc34b9f87
313,a799fcafe47d7fb19bfb02cd83855fdfc34b9f87
314,a799fcafe47d7fb19bfb02cd83855fdfc34b9f87
317,a799fcafe47d7fb19bfb02cd83855fdfc34b9f87
318,a799fcafe47d7fb19bfb02cd83855fdfc34b9f87
322,a799fcafe47d7fb19bfb02cd83855fdfc34b9f87
324,a799fcafe47d7fb19bfb02cd83855fdfc34b9f87
325,a799fcafe47d7fb19bfb02cd83855fdfc34b9f87
326,a799fcafe47d7fb19bfb02cd83855fdfc34b9f87
329,a799fcafe47d7fb19bfb02cd83855fdfc34b9f87
330,a799fcafe47d7fb19bfb02cd83855fdfc34b9f87
331,a799fcafe47d7fb19bfb02cd83855fdfc34b9f87
332,a799fcafe47d7fb19bfb02cd83855fdfc34b9f87
335,a799fcafe47d7fb19bfb02cd83855fdfc34b9f87
336,a799fcafe47d7fb19bfb02cd83855fdfc34b9f87
341,a799fcafe47d7fb19bfb02cd83855fdfc34b9f87
343,a799fcafe47d7fb19bfb02cd83855fdfc34b9f87
350,a799fcafe47d7fb19bfb02cd83855fdfc34b9f87
353,a799fcafe47d7fb19bfb02cd83855fdfc34b9f87
354,a799fcafe47d7fb19bfb02cd83855fdfc34b9f87
355,a799fcafe47d7fb19bfb02cd83855fdfc34b9f87
362,a799fcafe47d7fb19bfb02cd83855fdfc34b9f87
363,a799fcafe47d7fb19bfb02cd83855fdfc34b9f87
364,a799fcafe47d7fb19bfb02cd83855fdfc34b9f87
367,a799fcafe47d7fb19bfb02cd83855fdfc34b9f87
368,a799fcafe47d7fb19bfb02cd83855fdfc34b9f87
370,a799fcafe47d7fb19bfb02cd83855fdfc34b9f87
372,a799fcafe47d7fb19bfb02cd83855fdfc34b9f87
374,a799fcafe47d7fb19bfb02cd83855fdfc34b9f87
375,a799fcafe47d7fb19bfb02cd83855fdfc34b9f87
376,a799fcafe47d7fb19bfb02cd83855fdfc34b9f87
378,a799fcafe47d7fb19bfb02cd83855fdfc34b9f87
380,a799fcafe47d7fb19bfb02cd83855fdfc34b9f87
381,a799fcafe47d7fb19bfb02cd83855fdfc34b9f87
382,a799fcafe47d7fb19bfb02cd83855fdfc34b9f87
383,a799fcafe47d7fb19bfb02cd83855fdfc34b9f87
384,a799fcafe47d7fb19bfb02cd83855fdfc34b9f87
386,a799fcafe47d7fb19bfb02cd83855fdfc34b9f87
388,a799fcafe47d7fb19bfb02cd83855fdfc34b9f87
389,a799fcafe47d7fb19bfb02cd83855fdfc34b9f87
390,a799fcafe47d7fb19bfb02cd83855fdfc34b9f87
393,a799fcafe47d7fb19bfb02cd83855fdfc34b9f87
395,a799fcafe47d7fb19bfb02cd83855fdfc34b9f87
397,a799fcafe47d7fb19bfb02cd83855fdfc34b9f87
398,a799fcafe47d7fb19bfb02cd83855fdfc34b9f87
399,a799fcafe47d7fb19bfb02cd83855fdfc34b9f87
405,a799fcafe47d7fb19bfb02cd83855fdfc34b9f87
406,a799fcafe47d7fb19bfb02cd83855fdfc34b9f87
410,a799fcafe47d7fb19bfb02cd83855fdfc34b9f87
412,a799fcafe47d7fb19bfb02cd83855fdfc34b9f87
414,a799fcafe47d7fb19bfb02cd83855fdfc34b9f87
416,a799fcafe47d7fb19bfb02cd83855fdfc34b9f87
418,a799fcafe47d7fb19bfb02cd83855fdfc34b9f87
420,a799fcafe47d7fb19bfb02cd83855fdfc34b9f87
421,a799fcafe47d7fb19bfb02cd83855fdfc34b9f87
422,a799fcafe47d7fb19bfb02cd83855fdfc34b9f87
423,a799fcafe47d7fb19bfb02cd83855fdfc34b9f87
424,a799fcafe47d7fb19bfb02cd83855fdfc34b9f87
426,a799fcafe47d7fb19bfb02cd83855fdfc34b9f87
427,a799fcafe47d7fb19bfb02cd83855fdfc34b9f87
428,a799fcafe47d7fb19bfb02cd83855fdfc34b9f87
432,a799fcafe47d7fb19bfb02cd83855fdfc34b9f87
433,a799fcafe47d7fb19bfb02cd83855fdfc34b9f87
437,a799fcafe47d7fb19bfb02cd83855fdfc34b9f87
439,a799fcafe47d7fb19bfb02cd83855fdfc34b9f87
440,a799fcafe47d7fb19bfb02cd83855fdfc34b9f87
443,a799fcafe47d7fb19bfb02cd83855fdfc34b9f87
446,a799fcafe47d7fb19bfb02cd83855fdfc34b9f87
447,a799fcafe47d7fb19bfb02cd83855fdfc34b9f87
449,a799fcafe47d7fb19bfb02cd83855fdfc34b9f87
450,a799fcafe47d7fb19bfb02cd83855fdfc34b9f87
451,a799fcafe47d7fb19bfb02cd83855fdfc34b9f87
453,a799fcafe47d7fb19bfb02cd83855fdfc34b9f87
455,a799fcafe47d7fb19bfb02cd83855fdfc34b9f87
456,a799fcafe47d7fb19bfb02cd83855fdfc34b9f87
458,a799fcafe47d7fb19bfb02cd83855fdfc34b9f87
459,a799fcafe47d7fb19bfb02cd83855fdfc34b9f87
461,a799fcafe47d7fb19bfb02cd83855fdfc34b9f87
462,a799fcafe47d7fb19bfb02cd83855fdfc34b9f87
464,a799fcafe47d7fb19bfb02cd83855fdfc34b9f87
465,a799fcafe47d7fb19bfb02cd83855fdfc34b9f87
466,a799fcafe47d7fb19bfb02cd83855fdfc34b9f87
469,a799fcafe47d7fb19bfb02cd83855fdfc34b9f87
472,a799fcafe47d7fb19bfb02cd83855fdfc34b9f87
476,a799fcafe47d7fb19bfb02cd83855fdfc34b9f87
477,a799fcafe47d7fb19bfb02cd83855fdfc34b9f87
480,a799fcafe47d7fb19bfb02cd83855fdfc34b9f87
481,a799fcafe47d7fb19bfb02cd83855fdfc34b9f87
482,a799fcafe47d7fb19bfb02cd83855fdfc34b9f87
485,a799fcafe47d7fb19bfb02cd83855fdfc34b9f87
488,a799fcafe47d7fb19bfb02cd83855fdfc34b9f87
489,a799fcafe47d7fb19bfb02cd83855fdfc34b9f87
493,a799fcafe47d7fb19bfb02cd83855fdfc34b9f87
494,a799fcafe47d7fb19bfb02cd83855fdfc34b9f87
498,a799fcafe47d7fb19bfb02cd83855fdfc34b9f87
501,a799fcafe47d7fb19bfb02cd83855fdfc34b9f87
503,a799fcafe47d7fb19bfb02cd83855fdfc34b9f87
506,a799fcafe47d7fb19bfb02cd83855fdfc34b9f87
507,a799fcafe47d7fb19bfb02cd83855fdfc34b9f87
511,a799fcafe47d7fb19bfb02cd83855fdfc34b9f87
512,a799fcafe47d7fb19bfb02cd83855fdfc34b9f87
516,a799fcafe47d7fb19bfb02cd83855fdfc34b9f87
518,a799fcafe47d7fb19bfb02cd83855fdfc34b9f87
519,a799fcafe47d7fb19bfb02cd83855fdfc34b9f87
520,a799fcafe47d7fb19bfb02cd83855fdfc34b9f87
521,a799fcafe47d7fb19bfb02cd83855fdfc34b9f87
522,a799fcafe47d7fb19bfb02cd83855fdfc34b9f87
527,a799fcafe47d7fb19bfb02cd83855fdfc34b9f87
528,a799fcafe47d7fb19bfb02cd83855fdfc34b9f87
529,a799fcafe47d7fb19bfb02cd83855fdfc34b9f87
530,a799fcafe47d7fb19bfb02cd83855fdfc34b9f87
531,a799fcafe47d7fb19bfb02cd83855fdfc34b9f87
532,a799fcafe47d7fb19bfb02cd83855fdfc34b9f87
533,a799fcafe47d7fb19bfb02cd83855fdfc34b9f87
534,a799fcafe47d7fb19bfb02cd83855fdfc34b9f87
535,a799fcafe47d7fb19bfb02cd83855fdfc34b9f87
537,a799fcafe47d7fb19bfb02cd83855fdfc34b9f87
541,a799fcafe47d7fb19bfb02cd83855fdfc34b9f87
544,a799fcafe47d7fb19bfb02cd83855fdfc34b9f87
545,a799fcafe47d7fb19bfb02cd83855fdfc34b9f87
546,a799fcafe47d7fb19bfb02cd83855fdfc34b9f87
552,a799fcafe47d7fb19bfb02cd83855fdfc34b9f87
553,a799fcafe47d7fb19bfb02cd83855fdfc34b9f87
554,a799fcafe47d7fb19bfb02cd83855fdfc34b9f87
555,a799fcafe47d7fb19bfb02cd83855fdfc34b9f87
557,a799fcafe47d7fb19bfb02cd83855fdfc34b9f87
558,a799fcafe47d7fb19bfb02cd83855fdfc34b9f87
559,a799fcafe47d7fb19bfb02cd83855fdfc34b9f87
560,a799fcafe47d7fb19bfb02cd83855fdfc34b9f87
564,a799fcafe47d7fb19bfb02cd83855fdfc34b9f87
567,a799fcafe47d7fb19bfb02cd83855fdfc34b9f87
569,a799fcafe47d7fb19bfb02cd83855fdfc34b9f87
575,a799fcafe47d7fb19bfb02cd83855fdfc34b9f87
577,a799fcafe47d7fb19bfb02cd83855fdfc34b9f87
578,a799fcafe47d7fb19bfb02cd83855fdfc34b9f87
579,a799fcafe47d7fb19bfb02cd83855fdfc34b9f87
581,a799fcafe47d7fb19bfb02cd83855fdfc34b9f87
584,a799fcafe47d7fb19bfb02cd83855fdfc34b9f87
589,a799fcafe47d7fb19bfb02cd83855fdfc34b9f87
593,a799fcafe47d7fb19bfb02cd83855fdfc34b9f87
598,a799fcafe47d7fb19bfb02cd83855fdfc34b9f87
599,a799fcafe47d7fb19bfb02cd83855fdfc34b9f87
603,a799fcafe47d7fb19bfb02cd83855fdfc34b9f87
605,a799fcafe47d7fb19bfb02cd83855fdfc34b9f87
606,a799fcafe47d7fb19bfb02cd83855fdfc34b9f87
607,a799fcafe47d7fb19bfb02cd83855fdfc34b9f87
609,a799fcafe47d7fb19bfb02cd83855fdfc34b9f87
610,a799fcafe47d7fb19bfb02cd83855fdfc34b9f87
611,a799fcafe47d7fb19bfb02cd83855fdfc34b9f87
612,a799fcafe47d7fb19bfb02cd83855fdfc34b9f87
613,a799fcafe47d7fb19bfb02cd83855fdfc34b9f87
614,a799fcafe47d7fb19bfb02cd83855fdfc34b9f87
615,a799fcafe47d7fb19bfb02cd83855fdfc34b9f87
616,a799fcafe47d7fb19bfb02cd83855fdfc34b9f87
618,a799fcafe47d7fb19bfb02cd83855fdfc34b9f87
620,a799fcafe47d7fb19bfb02cd83855fdfc34b9f87
622,a799fcafe47d7fb19bfb02cd83855fdfc34b9f87
626,a799fcafe47d7fb19bfb02cd83855fdfc34b9f87
630,a799fcafe47d7fb19bfb02cd83855fdfc34b9f87
632,a799fcafe47d7fb19bfb02cd83855fdfc34b9f87
633,a799fcafe47d7fb19bfb02cd83855fdfc34b9f87
635,a799fcafe47d7fb19bfb02cd83855fdfc34b9f87
637,a799fcafe47d7fb19bfb02cd83855fdfc34b9f87
639,a799fcafe47d7fb19bfb02cd83855fdfc34b9f87
640,a799fcafe47d7fb19bfb02cd83855fdfc34b9f87
642,a799fcafe47d7fb19bfb02cd83855fdfc34b9f87
643,a799fcafe47d7fb19bfb02cd83855fdfc34b9f87
644,a799fcafe47d7fb19bfb02cd83855fdfc34b9f87
645,a799fcafe47d7fb19bfb02cd83855fdfc34b9f87
646,a799fcafe47d7fb19bfb02cd83855fdfc34b9f87
647,a799fcafe47d7fb19bfb02cd83855fdfc34b9f87
648,a799fcafe47d7fb19bfb02cd83855fdfc34b9f87
649,a799fcafe47d7fb19bfb02cd83855fdfc34b9f87
651,a799fcafe47d7fb19bfb02cd83855fdfc34b9f87
654,a799fcafe47d7fb19bfb02cd83855fdfc34b9f87
656,a799fcafe47d7fb19bfb02cd83855fdfc34b9f87
657,a799fcafe47d7fb19bfb02cd83855fdfc34b9f87
658,a799fcafe47d7fb19bfb02cd83855fdfc34b9f87
659,a799fcafe47d7fb19bfb02cd83855fdfc34b9f87
662,a799fcafe47d7fb19bfb02cd83855fdfc34b9f87
665,a799fcafe47d7fb19bfb02cd83855fdfc34b9f87
667,a799fcafe47d7fb19bfb02cd83855fdfc34b9f87
670,a799fcafe47d7fb19bfb02cd83855fdfc34b9f87
673,a799fcafe47d7fb19bfb02cd83855fdfc34b9f87
679,a799fcafe47d7fb19bfb02cd83855fdfc34b9f87
680,a799fcafe47d7fb19bfb02cd83855fdfc34b9f87
681,a799fcafe47d7fb19bfb02cd83855fdfc34b9f87
685,a799fcafe47d7fb19bfb02cd83855fdfc34b9f87
688,a799fcafe47d7fb19bfb02cd83855fdfc34b9f87
689,a799fcafe47d7fb19bfb02cd83855fdfc34b9f87
690,a799fcafe47d7fb19bfb02cd83855fdfc34b9f87
694,a799fcafe47d7fb19bfb02cd83855fdfc34b9f87
695,a799fcafe47d7fb19bfb02cd83855fdfc34b9f87
697,a799fcafe47d7fb19bfb02cd83855fdfc34b9f87
698,a799fcafe47d7fb19bfb02cd83855fdfc34b9f87
702,a799fcafe47d7fb19bfb02cd83855fdfc34b9f87
704,a799fcafe47d7fb19bfb02cd83855fdfc34b9f87
706,a799fcafe47d7fb19bfb02cd83855fdfc34b9f87
707,a799fcafe47d7fb19bfb02cd83855fdfc34b9f87
710,a799fcafe47d7fb19bfb02cd83855fdfc34b9f87
712,a799fcafe47d7fb19bfb02cd83855fdfc34b9f87
713,a799fcafe47d7fb19bfb02cd83855fdfc34b9f87
714,a799fcafe47d7fb19bfb02cd83855fdfc34b9f87
715,a799fcafe47d7fb19bfb02cd83855fdfc34b9f87
718,a799fcafe47d7fb19bfb02cd83855fdfc34b9f87
723,a799fcafe47d7fb19bfb02cd83855fdfc34b9f87
725,a799fcafe47d7fb19bfb02cd83855fdfc34b9f87
726,a799fcafe47d7fb19bfb02cd83855fdfc34b9f87
727,a799fcafe47d7fb19bfb02cd83855fdfc34b9f87
728,a799fcafe47d7fb19bfb02cd83855fdfc34b9f87
732,a799fcafe47d7fb19bfb02cd83855fdfc34b9f87
734,a799fcafe47d7fb19bfb02cd83855fdfc34b9f87
737,a799fcafe47d7fb19bfb02cd83855fdfc34b9f87
739,a799fcafe47d7fb19bfb02cd83855fdfc34b9f87
740,a799fcafe47d7fb19bfb02cd83855fdfc34b9f87
741,a799fcafe47d7fb19bfb02cd83855fdfc34b9f87
742,a799fcafe47d7fb19bfb02cd83855fdfc34b9f87
745,a799fcafe47d7fb19bfb02cd83855fdfc34b9f87
747,a799fcafe47d7fb19bfb02cd83855fdfc34b9f87
748,a799fcafe47d7fb19bfb02cd83855fdfc34b9f87
749,a799fcafe47d7fb19bfb02cd83855fdfc34b9f87
750,a799fcafe47d7fb19bfb02cd83855fdfc34b9f87
751,a799fcafe47d7fb19bfb02cd83855fdfc34b9f87
753,a799fcafe47d7fb19bfb02cd83855fdfc34b9f87
754,a799fcafe47d7fb19bfb02cd83855fdfc34b9f87
755,a799fcafe47d7fb19bfb02cd83855fdfc34b9f87
757,a799fcafe47d7fb19bfb02cd83855fdfc34b9f87
758,a799fcafe47d7fb19bfb02cd83855fdfc34b9f87
760,a799fcafe47d7fb19bfb02cd83855fdfc34b9f87
763,a799fcafe47d7fb19bfb02cd83855fdfc34b9f87
764,a799fcafe47d7fb19bfb02cd83855fdfc34b9f87
765,a799fcafe47d7fb19bfb02cd83855fdfc34b9f87
766,a799fcafe47d7fb19bfb02cd83855fdfc34b9f87
769,a799fcafe47d7fb19bfb02cd83855fdfc34b9f87
771,a799fcafe47d7fb19bfb02cd83855fdfc34b9f87
772,a799fcafe47d7fb19bfb02cd83855fdfc34b9f87
775,a799fcafe47d7fb19bfb02cd83855fdfc34b9f87
777,a799fcafe47d7fb19bfb02cd83855fdfc34b9f87
780,a799fcafe47d7fb19bfb02cd83855fdfc34b9f87
782,a799fcafe47d7fb19bfb02cd83855fdfc34b9f87
784,a799fcafe47d7fb19bfb02cd83855fdfc34b9f87
787,a799fcafe47d7fb19bfb02cd83855fdfc34b9f87
788,a799fcafe47d7fb19bfb02cd83855fdfc34b9f87
791,a799fcafe47d7fb19bfb02cd83855fdfc34b9f87
793,a799fcafe47d7fb19bfb02cd83855fdfc34b9f87
794,a799fcafe47d7fb19bfb02cd83855fdfc34b9f87
796,a799fcafe47d7fb19bfb02cd83855fdfc34b9f87
798,a799fcafe47d7fb19bfb02cd83855fdfc34b9f87
800,a799fcafe47d7fb19bfb02cd83855fdfc34b9f87
802,a799fcafe47d7fb19bfb02cd83855fdfc34b9f87
804,a799fcafe47d7fb19bfb02cd83855fdfc34b9f87
805,a799fcafe47d7fb19bfb02cd83855fdfc34b9f87
806,a799fcafe47d7fb19bfb02cd83855fdfc34b9f87
807,a799fcafe47d7fb19bfb02cd83855fdfc34b9f87
809,a799fcafe47d7fb19bfb02cd83855fdfc34b9f87
812,a799fcafe47d7fb19bfb02cd83855fdfc34b9f87
813,a799fcafe47d7fb19bfb02cd83855fdfc34b9f87
816,a799fcafe47d7fb19bfb02cd83855fdfc34b9f87
817,a799fcafe47d7fb19bfb02cd83855fdfc34b9f87
821,a799fcafe47d7fb19bfb02cd83855fdfc34b9f87
823,a799fcafe47d7fb19bfb02cd83855fdfc34b9f87
826,a799fcafe47d7fb19bfb02cd83855fdfc34b9f87
827,a799fcafe47d7fb19bfb02cd83855fdfc34b9f87
831,a799fcafe47d7fb19bfb02cd83855fdfc34b9f87
832,a799fcafe47d7fb19bfb02cd83855fdfc34b9f87
837,a799fcafe47d7fb19bfb02cd83855fdfc34b9f87
840,a799fcafe47d7fb19bfb02cd83855fdfc34b9f87
843,a799fcafe47d7fb19bfb02cd83855fdfc34b9f87
849,a799fcafe47d7fb19bfb02cd83855fdfc34b9f87
850,a799fcafe47d7fb19bfb02cd83855fdfc34b9f87
854,a799fcafe47d7fb19bfb02cd83855fdfc34b9f87
855,a799fcafe47d7fb19bfb02cd83855fdfc34b9f87
856,a799fcafe47d7fb19bfb02cd83855fdfc34b9f87
859,a799fcafe47d7fb19bfb02cd83855fdfc34b9f87
861,a799fcafe47d7fb19bfb02cd83855fdfc34b9f87
862,a799fcafe47d7fb19bfb02cd83855fdfc34b9f87
869,a799fcafe47d7fb19bfb02cd83855fdfc34b9f87
871,a799fcafe47d7fb19bfb02cd83855fdfc34b9f87
875,a799fcafe47d7fb19bfb02cd83855fdfc34b9f87
878,a799fcafe47d7fb19bfb02cd83855fdfc34b9f87
879,a799fcafe47d7fb19bfb02cd83855fdfc34b9f87
880,a799fcafe47d7fb19bfb02cd83855fdfc34b9f87
881,a799fcafe47d7fb19bfb02cd83855fdfc34b9f87
885,a799fcafe47d7fb19bfb02cd83855fdfc34b9f87
886,a799fcafe47d7fb19bfb02cd83855fdfc34b9f87
887,a799fcafe47d7fb19bfb02cd83855fdfc34b9f87
888,a799fcafe47d7fb19bfb02cd83855fdfc34b9f87
889,a799fcafe47d7fb19bfb02cd83855fdfc34b9f87
890,a799fcafe47d7fb19bfb02cd83855fdfc34b9f87
893,a799fcafe47d7fb19bfb02cd83855fdfc34b9f87
896,a799fcafe47d7fb19bfb02cd83855fdfc34b9f87
900,a799fcafe47d7fb19bfb02cd83855fdfc34b9f87
903,a799fcafe47d7fb19bfb02cd83855fdfc34b9f87
905,a799fcafe47d7fb19bfb02cd83855fdfc34b9f87
906,a799fcafe47d7fb19bfb02cd83855fdfc34b9f87
907,a799fcafe47d7fb19bfb02cd83855fdfc34b9f87
909,a799fcafe47d7fb19bfb02cd83855fdfc34b9f87
912,a799fcafe47d7fb19bfb02cd83855fdfc34b9f87
922,a799fcafe47d7fb19bfb02cd83855fdfc34b9f87
925,a799fcafe47d7fb19bfb02cd83855fdfc34b9f87
930,a799fcafe47d7fb19bfb02cd83855fdfc34b9f87
931,a799fcafe47d7fb19bfb02cd83855fdfc34b9f87
933,a799fcafe47d7fb19bfb02cd83855fdfc34b9f87
937,a799fcafe47d7fb19bfb02cd83855fdfc34b9f87
939,a799fcafe47d7fb19bfb02cd83855fdfc34b9f87
940,a799fcafe47d7fb19bfb02cd83855fdfc34b9f87
942,a799fcafe47d7fb19bfb02cd83855fdfc34b9f87
944,a799fcafe47d7fb19bfb02cd83855fdfc34b9f87
946,a799fcafe47d7fb19bfb02cd83855fdfc34b9f87
947,a799fcafe47d7fb19bfb02cd83855fdfc34b9f87
950,a799fcafe47d7fb19bfb02cd83855fdfc34b9f87
951,a799fcafe47d7fb19bfb02cd83855fdfc34b9f87
954,a799fcafe47d7fb19bfb02cd83855fdfc34b9f87
955,a799fcafe47d7fb19bfb02cd83855fdfc34b9f87
958,a799fcafe47d7fb19bfb02cd83855fdfc34b9f87
959,a799fcafe47d7fb19bfb02cd83855fdfc34b9f87
960,a799fcafe47d7fb19bfb02cd83855fdfc34b9f87
962,a799fcafe47d7fb19bfb02cd83855fdfc34b9f87
963,a799fcafe47d7fb19bfb02cd83855fdfc34b9f87
964,a799fcafe47d7fb19bfb02cd83855fdfc34b9f87
965,a799fcafe47d7fb19bfb02cd83855fdfc34b9f87
966,a799fcafe47d7fb19bfb02cd83855fdfc34b9f87
968,a799fcafe47d7fb19bfb02cd83855fdfc34b9f87
970,a799fcafe47d7fb19bfb02cd83855fdfc34b9f87
971,a799fcafe47d7fb19bfb02cd83855fdfc34b9f87
974,a799fcafe47d7fb19bfb02cd83855fdfc34b9f87
976,a799fcafe47d7fb19bfb02cd83855fdfc34b9f87
977,a799fcafe47d7fb19bfb02cd83855fdfc34b9f87
979,a799fcafe47d7fb19bfb02cd83855fdfc34b9f87
982,a799fcafe47d7fb19bfb02cd83855fdfc34b9f87
987,a799fcafe47d7fb19bfb02cd83855fdfc34b9f87
988,a799fcafe47d7fb19bfb02cd83855fdfc34b9f87
990,a799fcafe47d7fb19bfb02cd83855fdfc34b9f87
994,a799fcafe47d7fb19bfb02cd83855fdfc34b9f87
996,a799fcafe47d7fb19bfb02cd83855fdfc34b9f87
998,a799fcafe47d7fb19bfb02cd83855fdfc34b9f87
999,a799fcafe47d7fb19bfb02cd83855fdfc34b9f87
1000,a799fcafe47d7fb19bfb02cd83855fdfc34b9f87
